"STATION","NAME","DATE","AWND","SNOW","TMAX","TMIN"
"USW00014768","ROCHESTER GREATER INTERNATIONAL, NY US","2019-01-01","17.22","0.0","55","25"
"USW00014768","ROCHESTER GREATER INTERNATIONAL, NY US","2019-01-02","4.47","0.4","32","24"
"USW00014768","ROCHESTER GREATER INTERNATIONAL, NY US","2019-01-03","11.63","0.0","37","32"
"USW00014768","ROCHESTER GREATER INTERNATIONAL, NY US","2019-01-04","10.07","0.0","51","32"
"USW00014768","ROCHESTER GREATER INTERNATIONAL, NY US","2019-01-05","6.71","0.0","40","26"
"USW00014768","ROCHESTER GREATER INTERNATIONAL, NY US","2019-01-06","13.87","0.0","41","23"
"USW00014768","ROCHESTER GREATER INTERNATIONAL, NY US","2019-01-07","12.97","0.2","37","20"
"USW00014768","ROCHESTER GREATER INTERNATIONAL, NY US","2019-01-08","8.95","0.0","46","36"
"USW00014768","ROCHESTER GREATER INTERNATIONAL, NY US","2019-01-09","16.11","2.6","42","25"
"USW00014768","ROCHESTER GREATER INTERNATIONAL, NY US","2019-01-10","17.00","4.7","26","15"
"USW00014768","ROCHESTER GREATER INTERNATIONAL, NY US","2019-01-11","7.83","0.0","19","10"
"USW00014768","ROCHESTER GREATER INTERNATIONAL, NY US","2019-01-12","4.70","0.0","24","15"
"USW00014768","ROCHESTER GREATER INTERNATIONAL, NY US","2019-01-13","8.50","0.0","21","14"
"USW00014768","ROCHESTER GREATER INTERNATIONAL, NY US","2019-01-14","2.91","0.0","27","17"
"USW00014768","ROCHESTER GREATER INTERNATIONAL, NY US","2019-01-15","10.74","0.0","32","16"
"USW00014768","ROCHESTER GREATER INTERNATIONAL, NY US","2019-01-16","15.88","0.2","36","14"
"USW00014768","ROCHESTER GREATER INTERNATIONAL, NY US","2019-01-17","6.04","0.0","28","7"
"USW00014768","ROCHESTER GREATER INTERNATIONAL, NY US","2019-01-18","8.50","1.2","34","23"
"USW00014768","ROCHESTER GREATER INTERNATIONAL, NY US","2019-01-19","13.20","7.8","26","16"
"USW00014768","ROCHESTER GREATER INTERNATIONAL, NY US","2019-01-20","15.21","8.2","20","-1"
"USW00014768","ROCHESTER GREATER INTERNATIONAL, NY US","2019-01-21","12.97","1.7","11","-2"
"USW00014768","ROCHESTER GREATER INTERNATIONAL, NY US","2019-01-22","8.28","0.5","29","5"
"USW00014768","ROCHESTER GREATER INTERNATIONAL, NY US","2019-01-23","12.30","0.1","46","29"
"USW00014768","ROCHESTER GREATER INTERNATIONAL, NY US","2019-01-24","10.07","0.5","45","28"
"USW00014768","ROCHESTER GREATER INTERNATIONAL, NY US","2019-01-25","16.55","1.5","29","13"
"USW00014768","ROCHESTER GREATER INTERNATIONAL, NY US","2019-01-26","7.16","0.0","21","10"
"USW00014768","ROCHESTER GREATER INTERNATIONAL, NY US","2019-01-27","15.66","0.8","29","14"
"USW00014768","ROCHESTER GREATER INTERNATIONAL, NY US","2019-01-28","9.40","0.3","31","8"
"USW00014768","ROCHESTER GREATER INTERNATIONAL, NY US","2019-01-29","12.97","0.0","35","14"
"USW00014768","ROCHESTER GREATER INTERNATIONAL, NY US","2019-01-30","16.78","2.0","15","-1"
"USW00014768","ROCHESTER GREATER INTERNATIONAL, NY US","2019-01-31","17.22","0.1","10","-1"
"USW00014768","ROCHESTER GREATER INTERNATIONAL, NY US","2019-02-01","7.83","0.0","17","0"
"USW00014768","ROCHESTER GREATER INTERNATIONAL, NY US","2019-02-02","10.51","0.0","39","4"
"USW00014768","ROCHESTER GREATER INTERNATIONAL, NY US","2019-02-03","9.84","0.0","55","33"
"USW00014768","ROCHESTER GREATER INTERNATIONAL, NY US","2019-02-04","10.51","0.0","63","45"
"USW00014768","ROCHESTER GREATER INTERNATIONAL, NY US","2019-02-05","10.96","0.0","55","28"
"USW00014768","ROCHESTER GREATER INTERNATIONAL, NY US","2019-02-06","7.38","0.0","35","26"
"USW00014768","ROCHESTER GREATER INTERNATIONAL, NY US","2019-02-07","7.16","0.0","56","28"
"USW00014768","ROCHESTER GREATER INTERNATIONAL, NY US","2019-02-08","28.19","0.0","60","18"
"USW00014768","ROCHESTER GREATER INTERNATIONAL, NY US","2019-02-09","15.66","0.2","26","16"
"USW00014768","ROCHESTER GREATER INTERNATIONAL, NY US","2019-02-10","7.38","0.0","29","17"
"USW00014768","ROCHESTER GREATER INTERNATIONAL, NY US","2019-02-11","11.41","0.1","30","23"
"USW00014768","ROCHESTER GREATER INTERNATIONAL, NY US","2019-02-12","12.97","3.4","37","23"
"USW00014768","ROCHESTER GREATER INTERNATIONAL, NY US","2019-02-13","20.36","2.8","37","25"
"USW00014768","ROCHESTER GREATER INTERNATIONAL, NY US","2019-02-14","10.51","0.1","42","24"
"USW00014768","ROCHESTER GREATER INTERNATIONAL, NY US","2019-02-15","17.00","0.0","45","27"
"USW00014768","ROCHESTER GREATER INTERNATIONAL, NY US","2019-02-16","10.51","0.3","27","17"
"USW00014768","ROCHESTER GREATER INTERNATIONAL, NY US","2019-02-17","9.17","1.0","27","20"
"USW00014768","ROCHESTER GREATER INTERNATIONAL, NY US","2019-02-18","10.74","2.5","25","11"
"USW00014768","ROCHESTER GREATER INTERNATIONAL, NY US","2019-02-19","6.71","0.0","26","4"
"USW00014768","ROCHESTER GREATER INTERNATIONAL, NY US","2019-02-20","7.83","0.2","37","8"
"USW00014768","ROCHESTER GREATER INTERNATIONAL, NY US","2019-02-21","17.45","0.0","42","33"
"USW00014768","ROCHESTER GREATER INTERNATIONAL, NY US","2019-02-22","4.25","0.0","36","26"
"USW00014768","ROCHESTER GREATER INTERNATIONAL, NY US","2019-02-23","7.61","0.0","40","22"
"USW00014768","ROCHESTER GREATER INTERNATIONAL, NY US","2019-02-24","23.94","0.4","54","31"
"USW00014768","ROCHESTER GREATER INTERNATIONAL, NY US","2019-02-25","25.95","0.7","31","21"
"USW00014768","ROCHESTER GREATER INTERNATIONAL, NY US","2019-02-26","10.07","0.4","24","17"
"USW00014768","ROCHESTER GREATER INTERNATIONAL, NY US","2019-02-27","9.62","6.5","18","13"
"USW00014768","ROCHESTER GREATER INTERNATIONAL, NY US","2019-02-28","4.92","0.6","23","12"
"USW00014768","ROCHESTER GREATER INTERNATIONAL, NY US","2019-03-01","4.25","0.0","39","10"
"USW00014768","ROCHESTER GREATER INTERNATIONAL, NY US","2019-03-02","5.14","1.7","37","24"
"USW00014768","ROCHESTER GREATER INTERNATIONAL, NY US","2019-03-03","4.25","0.9","30","25"
"USW00014768","ROCHESTER GREATER INTERNATIONAL, NY US","2019-03-04","12.30","0.9","25","11"
"USW00014768","ROCHESTER GREATER INTERNATIONAL, NY US","2019-03-05","12.08","0.0","19","9"
"USW00014768","ROCHESTER GREATER INTERNATIONAL, NY US","2019-03-06","14.09","0.8","18","8"
"USW00014768","ROCHESTER GREATER INTERNATIONAL, NY US","2019-03-07","10.96","0.3","25","8"
"USW00014768","ROCHESTER GREATER INTERNATIONAL, NY US","2019-03-08","5.82","0.0","34","6"
"USW00014768","ROCHESTER GREATER INTERNATIONAL, NY US","2019-03-09","7.61","0.0","38","7"
"USW00014768","ROCHESTER GREATER INTERNATIONAL, NY US","2019-03-10","21.25","0.0","43","37"
"USW00014768","ROCHESTER GREATER INTERNATIONAL, NY US","2019-03-11","19.01","0.1","38","31"
"USW00014768","ROCHESTER GREATER INTERNATIONAL, NY US","2019-03-12","10.96","0.0","39","27"
"USW00014768","ROCHESTER GREATER INTERNATIONAL, NY US","2019-03-13","4.70","0.0","46","23"
"USW00014768","ROCHESTER GREATER INTERNATIONAL, NY US","2019-03-14","8.95","0.0","70","41"
"USW00014768","ROCHESTER GREATER INTERNATIONAL, NY US","2019-03-15","20.80","0.0","59","38"
"USW00014768","ROCHESTER GREATER INTERNATIONAL, NY US","2019-03-16","17.45","0.5","38","28"
"USW00014768","ROCHESTER GREATER INTERNATIONAL, NY US","2019-03-17","10.96","0.1","36","25"
"USW00014768","ROCHESTER GREATER INTERNATIONAL, NY US","2019-03-18","7.83","2.7","39","26"
"USW00014768","ROCHESTER GREATER INTERNATIONAL, NY US","2019-03-19","5.59","2.4","44","26"
"USW00014768","ROCHESTER GREATER INTERNATIONAL, NY US","2019-03-20","6.93","0.0","54","29"
"USW00014768","ROCHESTER GREATER INTERNATIONAL, NY US","2019-03-21","6.71","0.0","54","38"
"USW00014768","ROCHESTER GREATER INTERNATIONAL, NY US","2019-03-22","14.32","2.6","41","27"
"USW00014768","ROCHESTER GREATER INTERNATIONAL, NY US","2019-03-23","17.00","0.2","40","22"
"USW00014768","ROCHESTER GREATER INTERNATIONAL, NY US","2019-03-24","13.65","0.0","52","28"
"USW00014768","ROCHESTER GREATER INTERNATIONAL, NY US","2019-03-25","8.50","0.0","41","26"
"USW00014768","ROCHESTER GREATER INTERNATIONAL, NY US","2019-03-26","4.92","0.0","39","20"
"USW00014768","ROCHESTER GREATER INTERNATIONAL, NY US","2019-03-27","4.70","0.0","53","22"
"USW00014768","ROCHESTER GREATER INTERNATIONAL, NY US","2019-03-28","12.53","0.0","58","39"
"USW00014768","ROCHESTER GREATER INTERNATIONAL, NY US","2019-03-29","6.49","0.0","55","41"
"USW00014768","ROCHESTER GREATER INTERNATIONAL, NY US","2019-03-30","11.41","0.0","67","38"
"USW00014768","ROCHESTER GREATER INTERNATIONAL, NY US","2019-03-31","13.65","0.7","38","26"
"USW00014768","ROCHESTER GREATER INTERNATIONAL, NY US","2019-04-01","10.74","1.9","39","24"
"USW00014768","ROCHESTER GREATER INTERNATIONAL, NY US","2019-04-02","8.95","0.0","53","28"
"USW00014768","ROCHESTER GREATER INTERNATIONAL, NY US","2019-04-03","15.21","0.0","48","31"
"USW00014768","ROCHESTER GREATER INTERNATIONAL, NY US","2019-04-04","6.71","0.0","43","29"
"USW00014768","ROCHESTER GREATER INTERNATIONAL, NY US","2019-04-05","8.72","0.0","45","31"
"USW00014768","ROCHESTER GREATER INTERNATIONAL, NY US","2019-04-06","4.92","0.0","60","41"
"USW00014768","ROCHESTER GREATER INTERNATIONAL, NY US","2019-04-07","5.59","0.0","66","41"
"USW00014768","ROCHESTER GREATER INTERNATIONAL, NY US","2019-04-08","12.75","0.0","66","43"
"USW00014768","ROCHESTER GREATER INTERNATIONAL, NY US","2019-04-09","13.87","0.0","63","41"
"USW00014768","ROCHESTER GREATER INTERNATIONAL, NY US","2019-04-10","5.59","0.0","45","34"
"USW00014768","ROCHESTER GREATER INTERNATIONAL, NY US","2019-04-11","10.51","0.0","42","33"
"USW00014768","ROCHESTER GREATER INTERNATIONAL, NY US","2019-04-12","11.41","0.0","73","41"
"USW00014768","ROCHESTER GREATER INTERNATIONAL, NY US","2019-04-13","14.32","0.0","65","44"
"USW00014768","ROCHESTER GREATER INTERNATIONAL, NY US","2019-04-14","10.07","0.0","45","39"
"USW00014768","ROCHESTER GREATER INTERNATIONAL, NY US","2019-04-15","14.76","0.0","45","38"
"USW00014768","ROCHESTER GREATER INTERNATIONAL, NY US","2019-04-16","7.83","0.0","53","33"
"USW00014768","ROCHESTER GREATER INTERNATIONAL, NY US","2019-04-17","6.71","0.0","61","31"
"USW00014768","ROCHESTER GREATER INTERNATIONAL, NY US","2019-04-18","13.42","0.0","75","54"
"USW00014768","ROCHESTER GREATER INTERNATIONAL, NY US","2019-04-19","7.83","0.0","66","42"
"USW00014768","ROCHESTER GREATER INTERNATIONAL, NY US","2019-04-20","10.51","0.0","46","41"
"USW00014768","ROCHESTER GREATER INTERNATIONAL, NY US","2019-04-21","4.25","0.0","56","45"
"USW00014768","ROCHESTER GREATER INTERNATIONAL, NY US","2019-04-22","2.91","0.0","61","48"
"USW00014768","ROCHESTER GREATER INTERNATIONAL, NY US","2019-04-23","10.96","0.0","75","44"
"USW00014768","ROCHESTER GREATER INTERNATIONAL, NY US","2019-04-24","12.75","0.0","55","40"
"USW00014768","ROCHESTER GREATER INTERNATIONAL, NY US","2019-04-25","5.82","0.0","63","36"
"USW00014768","ROCHESTER GREATER INTERNATIONAL, NY US","2019-04-26","14.54","0.0","68","44"
"USW00014768","ROCHESTER GREATER INTERNATIONAL, NY US","2019-04-27","17.00","0.3","46","34"
"USW00014768","ROCHESTER GREATER INTERNATIONAL, NY US","2019-04-28","7.16","0.0","50","36"
"USW00014768","ROCHESTER GREATER INTERNATIONAL, NY US","2019-04-29","8.28","0.0","50","30"
"USW00014768","ROCHESTER GREATER INTERNATIONAL, NY US","2019-04-30","6.93","0.0","53","41"
"USW00014768","ROCHESTER GREATER INTERNATIONAL, NY US","2019-05-01","10.51","0.0","73","44"
"USW00014768","ROCHESTER GREATER INTERNATIONAL, NY US","2019-05-02","7.16","0.0","63","41"
"USW00014768","ROCHESTER GREATER INTERNATIONAL, NY US","2019-05-03","5.14","0.0","56","44"
"USW00014768","ROCHESTER GREATER INTERNATIONAL, NY US","2019-05-04","4.92","0.0","53","46"
"USW00014768","ROCHESTER GREATER INTERNATIONAL, NY US","2019-05-05","3.58","0.0","64","43"
"USW00014768","ROCHESTER GREATER INTERNATIONAL, NY US","2019-05-06","6.71","0.0","75","43"
"USW00014768","ROCHESTER GREATER INTERNATIONAL, NY US","2019-05-07","5.82","0.0","62","44"
"USW00014768","ROCHESTER GREATER INTERNATIONAL, NY US","2019-05-08","11.86","0.0","54","42"
"USW00014768","ROCHESTER GREATER INTERNATIONAL, NY US","2019-05-09","14.99","0.0","75","46"
"USW00014768","ROCHESTER GREATER INTERNATIONAL, NY US","2019-05-10","13.87","0.0","69","47"
"USW00014768","ROCHESTER GREATER INTERNATIONAL, NY US","2019-05-11","7.16","0.0","57","41"
"USW00014768","ROCHESTER GREATER INTERNATIONAL, NY US","2019-05-12","13.65","0.0","49","43"
"USW00014768","ROCHESTER GREATER INTERNATIONAL, NY US","2019-05-13","9.62","0.0","48","43"
"USW00014768","ROCHESTER GREATER INTERNATIONAL, NY US","2019-05-14","9.17","0.0","51","40"
"USW00014768","ROCHESTER GREATER INTERNATIONAL, NY US","2019-05-15","7.61","0.0","69","39"
"USW00014768","ROCHESTER GREATER INTERNATIONAL, NY US","2019-05-16","5.82","0.0","63","43"
"USW00014768","ROCHESTER GREATER INTERNATIONAL, NY US","2019-05-17","9.62","0.0","70","50"
"USW00014768","ROCHESTER GREATER INTERNATIONAL, NY US","2019-05-18","5.59","0.0","66","41"
"USW00014768","ROCHESTER GREATER INTERNATIONAL, NY US","2019-05-19","8.72","0.0","82","54"
"USW00014768","ROCHESTER GREATER INTERNATIONAL, NY US","2019-05-20","15.43","0.0","71","48"
"USW00014768","ROCHESTER GREATER INTERNATIONAL, NY US","2019-05-21","11.18","0.0","65","45"
"USW00014768","ROCHESTER GREATER INTERNATIONAL, NY US","2019-05-22","7.16","0.0","68","43"
"USW00014768","ROCHESTER GREATER INTERNATIONAL, NY US","2019-05-23","11.41","0.0","77","55"
"USW00014768","ROCHESTER GREATER INTERNATIONAL, NY US","2019-05-24","8.72","0.0","69","55"
"USW00014768","ROCHESTER GREATER INTERNATIONAL, NY US","2019-05-25","7.83","0.0","85","52"
"USW00014768","ROCHESTER GREATER INTERNATIONAL, NY US","2019-05-26","9.62","0.0","79","55"
"USW00014768","ROCHESTER GREATER INTERNATIONAL, NY US","2019-05-27","6.71","0.0","77","50"
"USW00014768","ROCHESTER GREATER INTERNATIONAL, NY US","2019-05-28","7.61","0.0","59","51"
"USW00014768","ROCHESTER GREATER INTERNATIONAL, NY US","2019-05-29","5.14","0.0","61","52"
"USW00014768","ROCHESTER GREATER INTERNATIONAL, NY US","2019-05-30","6.93","0.0","74","50"
"USW00014768","ROCHESTER GREATER INTERNATIONAL, NY US","2019-05-31","5.14","0.0","70","56"
"USW00014768","ROCHESTER GREATER INTERNATIONAL, NY US","2019-06-01","8.05","0.0","79","57"
"USW00014768","ROCHESTER GREATER INTERNATIONAL, NY US","2019-06-02","9.62","0.0","68","52"
"USW00014768","ROCHESTER GREATER INTERNATIONAL, NY US","2019-06-03","13.87","0.0","63","43"
"USW00014768","ROCHESTER GREATER INTERNATIONAL, NY US","2019-06-04","6.71","0.0","66","43"
"USW00014768","ROCHESTER GREATER INTERNATIONAL, NY US","2019-06-05","5.59","0.0","79","58"
"USW00014768","ROCHESTER GREATER INTERNATIONAL, NY US","2019-06-06","3.80","0.0","74","54"
"USW00014768","ROCHESTER GREATER INTERNATIONAL, NY US","2019-06-07","4.47","0.0","79","51"
"USW00014768","ROCHESTER GREATER INTERNATIONAL, NY US","2019-06-08","6.49","0.0","78","52"
"USW00014768","ROCHESTER GREATER INTERNATIONAL, NY US","2019-06-09","8.05","0.0","85","52"
"USW00014768","ROCHESTER GREATER INTERNATIONAL, NY US","2019-06-10","10.51","0.0","76","57"
"USW00014768","ROCHESTER GREATER INTERNATIONAL, NY US","2019-06-11","12.75","0.0","73","53"
"USW00014768","ROCHESTER GREATER INTERNATIONAL, NY US","2019-06-12","8.05","0.0","78","48"
"USW00014768","ROCHESTER GREATER INTERNATIONAL, NY US","2019-06-13","9.17","0.0","66","58"
"USW00014768","ROCHESTER GREATER INTERNATIONAL, NY US","2019-06-14","16.33","0.0","72","54"
"USW00014768","ROCHESTER GREATER INTERNATIONAL, NY US","2019-06-15","13.65","0.0","75","61"
"USW00014768","ROCHESTER GREATER INTERNATIONAL, NY US","2019-06-16","5.59","0.0","63","51"
"USW00014768","ROCHESTER GREATER INTERNATIONAL, NY US","2019-06-17","4.70","0.0","74","49"
"USW00014768","ROCHESTER GREATER INTERNATIONAL, NY US","2019-06-18","5.82","0.0","78","60"
"USW00014768","ROCHESTER GREATER INTERNATIONAL, NY US","2019-06-19","5.14","0.0","81","57"
"USW00014768","ROCHESTER GREATER INTERNATIONAL, NY US","2019-06-20","7.83","0.0","68","61"
"USW00014768","ROCHESTER GREATER INTERNATIONAL, NY US","2019-06-21","9.62","0.0","76","60"
"USW00014768","ROCHESTER GREATER INTERNATIONAL, NY US","2019-06-22","7.61","0.0","77","53"
"USW00014768","ROCHESTER GREATER INTERNATIONAL, NY US","2019-06-23","5.82","0.0","81","53"
"USW00014768","ROCHESTER GREATER INTERNATIONAL, NY US","2019-06-24","6.93","0.0","82","57"
"USW00014768","ROCHESTER GREATER INTERNATIONAL, NY US","2019-06-25","11.63","0.0","80","64"
"USW00014768","ROCHESTER GREATER INTERNATIONAL, NY US","2019-06-26","11.86","0.0","86","63"
"USW00014768","ROCHESTER GREATER INTERNATIONAL, NY US","2019-06-27","5.14","0.0","86","60"
"USW00014768","ROCHESTER GREATER INTERNATIONAL, NY US","2019-06-28","5.37","0.0","89","62"
"USW00014768","ROCHESTER GREATER INTERNATIONAL, NY US","2019-06-29","8.72","0.0","84","68"
"USW00014768","ROCHESTER GREATER INTERNATIONAL, NY US","2019-06-30","9.40","0.0","74","59"
"USW00014768","ROCHESTER GREATER INTERNATIONAL, NY US","2019-07-01","3.80","0.0","81","55"
"USW00014768","ROCHESTER GREATER INTERNATIONAL, NY US","2019-07-02","6.93","0.0","80","66"
"USW00014768","ROCHESTER GREATER INTERNATIONAL, NY US","2019-07-03","3.58","0.0","85","66"
"USW00014768","ROCHESTER GREATER INTERNATIONAL, NY US","2019-07-04","2.91","0.0","90","65"
"USW00014768","ROCHESTER GREATER INTERNATIONAL, NY US","2019-07-05","7.61","0.0","88","73"
"USW00014768","ROCHESTER GREATER INTERNATIONAL, NY US","2019-07-06","6.93","0.0","85","72"
"USW00014768","ROCHESTER GREATER INTERNATIONAL, NY US","2019-07-07","9.17","0.0","76","58"
"USW00014768","ROCHESTER GREATER INTERNATIONAL, NY US","2019-07-08","4.25","0.0","78","53"
"USW00014768","ROCHESTER GREATER INTERNATIONAL, NY US","2019-07-09","4.25","0.0","84","54"
"USW00014768","ROCHESTER GREATER INTERNATIONAL, NY US","2019-07-10","5.59","0.0","91","62"
"USW00014768","ROCHESTER GREATER INTERNATIONAL, NY US","2019-07-11","8.50","0.0","86","69"
"USW00014768","ROCHESTER GREATER INTERNATIONAL, NY US","2019-07-12","9.40","0.0","75","63"
"USW00014768","ROCHESTER GREATER INTERNATIONAL, NY US","2019-07-13","9.40","0.0","86","60"
"USW00014768","ROCHESTER GREATER INTERNATIONAL, NY US","2019-07-14","8.50","0.0","80","63"
"USW00014768","ROCHESTER GREATER INTERNATIONAL, NY US","2019-07-15","4.03","0.0","82","59"
"USW00014768","ROCHESTER GREATER INTERNATIONAL, NY US","2019-07-16","9.40","0.0","92","67"
"USW00014768","ROCHESTER GREATER INTERNATIONAL, NY US","2019-07-17","5.14","0.0","82","72"
"USW00014768","ROCHESTER GREATER INTERNATIONAL, NY US","2019-07-18","4.70","0.0","85","70"
"USW00014768","ROCHESTER GREATER INTERNATIONAL, NY US","2019-07-19","10.74","0.0","89","73"
"USW00014768","ROCHESTER GREATER INTERNATIONAL, NY US","2019-07-20","11.18","0.0","92","75"
"USW00014768","ROCHESTER GREATER INTERNATIONAL, NY US","2019-07-21","9.62","0.0","85","66"
"USW00014768","ROCHESTER GREATER INTERNATIONAL, NY US","2019-07-22","2.91","0.0","72","66"
"USW00014768","ROCHESTER GREATER INTERNATIONAL, NY US","2019-07-23","5.14","0.0","79","61"
"USW00014768","ROCHESTER GREATER INTERNATIONAL, NY US","2019-07-24","6.26","0.0","80","57"
"USW00014768","ROCHESTER GREATER INTERNATIONAL, NY US","2019-07-25","6.71","0.0","83","57"
"USW00014768","ROCHESTER GREATER INTERNATIONAL, NY US","2019-07-26","4.47","0.0","85","62"
"USW00014768","ROCHESTER GREATER INTERNATIONAL, NY US","2019-07-27","6.93","0.0","88","62"
"USW00014768","ROCHESTER GREATER INTERNATIONAL, NY US","2019-07-28","11.41","0.0","85","70"
"USW00014768","ROCHESTER GREATER INTERNATIONAL, NY US","2019-07-29","8.05","0.0","91","68"
"USW00014768","ROCHESTER GREATER INTERNATIONAL, NY US","2019-07-30","7.16","0.0","84","68"
"USW00014768","ROCHESTER GREATER INTERNATIONAL, NY US","2019-07-31","4.92","0.0","83","61"
"USW00014768","ROCHESTER GREATER INTERNATIONAL, NY US","2019-08-01","6.93","0.0","82","59"
"USW00014768","ROCHESTER GREATER INTERNATIONAL, NY US","2019-08-02","4.47","0.0","84","54"
"USW00014768","ROCHESTER GREATER INTERNATIONAL, NY US","2019-08-03","4.92","0.0","87","60"
"USW00014768","ROCHESTER GREATER INTERNATIONAL, NY US","2019-08-04","5.82","0.0","79","57"
"USW00014768","ROCHESTER GREATER INTERNATIONAL, NY US","2019-08-05","4.92","0.0","86","54"
"USW00014768","ROCHESTER GREATER INTERNATIONAL, NY US","2019-08-06","8.50","0.0","90","66"
"USW00014768","ROCHESTER GREATER INTERNATIONAL, NY US","2019-08-07","4.70","0.0","78","68"
"USW00014768","ROCHESTER GREATER INTERNATIONAL, NY US","2019-08-08","8.05","0.0","82","64"
"USW00014768","ROCHESTER GREATER INTERNATIONAL, NY US","2019-08-09","10.29","0.0","79","61"
"USW00014768","ROCHESTER GREATER INTERNATIONAL, NY US","2019-08-10","9.62","0.0","77","57"
"USW00014768","ROCHESTER GREATER INTERNATIONAL, NY US","2019-08-11","8.50","0.0","82","53"
"USW00014768","ROCHESTER GREATER INTERNATIONAL, NY US","2019-08-12","8.95","0.0","86","61"
"USW00014768","ROCHESTER GREATER INTERNATIONAL, NY US","2019-08-13","4.47","0.0","83","64"
"USW00014768","ROCHESTER GREATER INTERNATIONAL, NY US","2019-08-14","7.16","0.0","78","60"
"USW00014768","ROCHESTER GREATER INTERNATIONAL, NY US","2019-08-15","6.04","0.0","80","57"
"USW00014768","ROCHESTER GREATER INTERNATIONAL, NY US","2019-08-16","3.58","0.0","83","61"
"USW00014768","ROCHESTER GREATER INTERNATIONAL, NY US","2019-08-17","6.04","0.0","79","64"
"USW00014768","ROCHESTER GREATER INTERNATIONAL, NY US","2019-08-18","6.93","0.0","87","65"
"USW00014768","ROCHESTER GREATER INTERNATIONAL, NY US","2019-08-19","9.40","0.0","84","69"
"USW00014768","ROCHESTER GREATER INTERNATIONAL, NY US","2019-08-20","4.70","0.0","87","62"
"USW00014768","ROCHESTER GREATER INTERNATIONAL, NY US","2019-08-21","7.83","0.0","87","67"
"USW00014768","ROCHESTER GREATER INTERNATIONAL, NY US","2019-08-22","8.05","0.0","76","57"
"USW00014768","ROCHESTER GREATER INTERNATIONAL, NY US","2019-08-23","6.49","0.0","74","55"
"USW00014768","ROCHESTER GREATER INTERNATIONAL, NY US","2019-08-24","6.26","0.0","72","52"
"USW00014768","ROCHESTER GREATER INTERNATIONAL, NY US","2019-08-25","5.82","0.0","78","51"
"USW00014768","ROCHESTER GREATER INTERNATIONAL, NY US","2019-08-26","5.82","0.0","77","54"
"USW00014768","ROCHESTER GREATER INTERNATIONAL, NY US","2019-08-27","9.17","0.0","79","62"
"USW00014768","ROCHESTER GREATER INTERNATIONAL, NY US","2019-08-28","8.28","0.0","83","61"
"USW00014768","ROCHESTER GREATER INTERNATIONAL, NY US","2019-08-29","9.40","0.0","77","58"
"USW00014768","ROCHESTER GREATER INTERNATIONAL, NY US","2019-08-30","10.96","0.0","79","56"
"USW00014768","ROCHESTER GREATER INTERNATIONAL, NY US","2019-08-31","4.70","0.0","74","51"
"USW00014768","ROCHESTER GREATER INTERNATIONAL, NY US","2019-09-01","3.58","0.0","76","53"
"USW00014768","ROCHESTER GREATER INTERNATIONAL, NY US","2019-09-02","6.04","0.0","75","63"
"USW00014768","ROCHESTER GREATER INTERNATIONAL, NY US","2019-09-03","5.59","0.0","79","60"
"USW00014768","ROCHESTER GREATER INTERNATIONAL, NY US","2019-09-04","11.63","0.0","76","55"
"USW00014768","ROCHESTER GREATER INTERNATIONAL, NY US","2019-09-05","3.80","0.0","73","51"
"USW00014768","ROCHESTER GREATER INTERNATIONAL, NY US","2019-09-06","5.14","0.0","74","52"
"USW00014768","ROCHESTER GREATER INTERNATIONAL, NY US","2019-09-07","7.83","0.0","72","54"
"USW00014768","ROCHESTER GREATER INTERNATIONAL, NY US","2019-09-08","5.82","0.0","67","53"
"USW00014768","ROCHESTER GREATER INTERNATIONAL, NY US","2019-09-09","4.92","0.0","67","51"
"USW00014768","ROCHESTER GREATER INTERNATIONAL, NY US","2019-09-10","5.59","0.0","83","49"
"USW00014768","ROCHESTER GREATER INTERNATIONAL, NY US","2019-09-11","8.50","0.0","85","66"
"USW00014768","ROCHESTER GREATER INTERNATIONAL, NY US","2019-09-12","12.53","0.0","66","57"
"USW00014768","ROCHESTER GREATER INTERNATIONAL, NY US","2019-09-13","13.42","0.0","71","51"
"USW00014768","ROCHESTER GREATER INTERNATIONAL, NY US","2019-09-14","12.75","0.0","75","58"
"USW00014768","ROCHESTER GREATER INTERNATIONAL, NY US","2019-09-15","5.37","0.0","73","55"
"USW00014768","ROCHESTER GREATER INTERNATIONAL, NY US","2019-09-16","6.49","0.0","72","52"
"USW00014768","ROCHESTER GREATER INTERNATIONAL, NY US","2019-09-17","3.36","0.0","74","48"
"USW00014768","ROCHESTER GREATER INTERNATIONAL, NY US","2019-09-18","4.47","0.0","75","49"
"USW00014768","ROCHESTER GREATER INTERNATIONAL, NY US","2019-09-19","4.92","0.0","76","48"
"USW00014768","ROCHESTER GREATER INTERNATIONAL, NY US","2019-09-20","5.14","0.0","79","53"
"USW00014768","ROCHESTER GREATER INTERNATIONAL, NY US","2019-09-21","5.82","0.0","85","56"
"USW00014768","ROCHESTER GREATER INTERNATIONAL, NY US","2019-09-22","8.05","0.0","88","65"
"USW00014768","ROCHESTER GREATER INTERNATIONAL, NY US","2019-09-23","10.51","0.0","76","61"
"USW00014768","ROCHESTER GREATER INTERNATIONAL, NY US","2019-09-24","7.61","0.0","69","53"
"USW00014768","ROCHESTER GREATER INTERNATIONAL, NY US","2019-09-25","8.50","0.0","79","51"
"USW00014768","ROCHESTER GREATER INTERNATIONAL, NY US","2019-09-26","7.16","0.0","73","50"
"USW00014768","ROCHESTER GREATER INTERNATIONAL, NY US","2019-09-27","7.83","0.0","76","48"
"USW00014768","ROCHESTER GREATER INTERNATIONAL, NY US","2019-09-28","8.28","0.0","76","62"
"USW00014768","ROCHESTER GREATER INTERNATIONAL, NY US","2019-09-29","10.07","0.0","63","55"
"USW00014768","ROCHESTER GREATER INTERNATIONAL, NY US","2019-09-30","5.14","0.0","68","53"
"USW00014768","ROCHESTER GREATER INTERNATIONAL, NY US","2019-10-01","13.20","0.0","88","68"
"USW00014768","ROCHESTER GREATER INTERNATIONAL, NY US","2019-10-02","10.51","0.0","70","53"
"USW00014768","ROCHESTER GREATER INTERNATIONAL, NY US","2019-10-03","8.05","0.0","57","50"
"USW00014768","ROCHESTER GREATER INTERNATIONAL, NY US","2019-10-04","7.83","0.0","57","45"
"USW00014768","ROCHESTER GREATER INTERNATIONAL, NY US","2019-10-05","8.50","0.0","60","39"
"USW00014768","ROCHESTER GREATER INTERNATIONAL, NY US","2019-10-06","9.62","0.0","75","55"
"USW00014768","ROCHESTER GREATER INTERNATIONAL, NY US","2019-10-07","6.04","0.0","64","50"
"USW00014768","ROCHESTER GREATER INTERNATIONAL, NY US","2019-10-08","3.58","0.0","65","42"
"USW00014768","ROCHESTER GREATER INTERNATIONAL, NY US","2019-10-09","4.70","0.0","64","38"
"USW00014768","ROCHESTER GREATER INTERNATIONAL, NY US","2019-10-10","4.25","0.0","65","39"
"USW00014768","ROCHESTER GREATER INTERNATIONAL, NY US","2019-10-11","5.37","0.0","71","39"
"USW00014768","ROCHESTER GREATER INTERNATIONAL, NY US","2019-10-12","6.93","0.0","58","40"
"USW00014768","ROCHESTER GREATER INTERNATIONAL, NY US","2019-10-13","8.95","0.0","67","37"
"USW00014768","ROCHESTER GREATER INTERNATIONAL, NY US","2019-10-14","7.83","0.0","54","43"
"USW00014768","ROCHESTER GREATER INTERNATIONAL, NY US","2019-10-15","6.93","0.0","61","39"
"USW00014768","ROCHESTER GREATER INTERNATIONAL, NY US","2019-10-16","8.72","0.0","59","46"
"USW00014768","ROCHESTER GREATER INTERNATIONAL, NY US","2019-10-17","14.99","0.0","49","44"
"USW00014768","ROCHESTER GREATER INTERNATIONAL, NY US","2019-10-18","9.62","0.0","53","36"
"USW00014768","ROCHESTER GREATER INTERNATIONAL, NY US","2019-10-19","4.47","0.0","58","33"
"USW00014768","ROCHESTER GREATER INTERNATIONAL, NY US","2019-10-20","2.46","0.0","69","38"
"USW00014768","ROCHESTER GREATER INTERNATIONAL, NY US","2019-10-21","7.38","0.0","67","39"
"USW00014768","ROCHESTER GREATER INTERNATIONAL, NY US","2019-10-22","9.84","0.0","63","53"
"USW00014768","ROCHESTER GREATER INTERNATIONAL, NY US","2019-10-23","12.53","0.0","58","46"
"USW00014768","ROCHESTER GREATER INTERNATIONAL, NY US","2019-10-24","9.62","0.0","60","43"
"USW00014768","ROCHESTER GREATER INTERNATIONAL, NY US","2019-10-25","2.46","0.0","53","44"
"USW00014768","ROCHESTER GREATER INTERNATIONAL, NY US","2019-10-26","6.93","0.0","56","41"
"USW00014768","ROCHESTER GREATER INTERNATIONAL, NY US","2019-10-27","16.55","0.0","65","52"
"USW00014768","ROCHESTER GREATER INTERNATIONAL, NY US","2019-10-28","4.03","0.0","66","44"
"USW00014768","ROCHESTER GREATER INTERNATIONAL, NY US","2019-10-29","7.61","0.0","71","43"
"USW00014768","ROCHESTER GREATER INTERNATIONAL, NY US","2019-10-30","6.04","0.0","58","53"
"USW00014768","ROCHESTER GREATER INTERNATIONAL, NY US","2019-10-31","10.29","0.0","64","45"
"USW00014768","ROCHESTER GREATER INTERNATIONAL, NY US","2019-11-01","18.12","0.0","45","36"
"USW00014768","ROCHESTER GREATER INTERNATIONAL, NY US","2019-11-02","8.95","0.0","48","36"
"USW00014768","ROCHESTER GREATER INTERNATIONAL, NY US","2019-11-03","9.62","0.0","43","34"
"USW00014768","ROCHESTER GREATER INTERNATIONAL, NY US","2019-11-04","10.07","0.0","53","32"
"USW00014768","ROCHESTER GREATER INTERNATIONAL, NY US","2019-11-05","10.96","0.0","50","36"
"USW00014768","ROCHESTER GREATER INTERNATIONAL, NY US","2019-11-06","7.16","0.0","44","31"
"USW00014768","ROCHESTER GREATER INTERNATIONAL, NY US","2019-11-07","6.71","0.5","42","27"
"USW00014768","ROCHESTER GREATER INTERNATIONAL, NY US","2019-11-08","7.83","0.1","31","21"
"USW00014768","ROCHESTER GREATER INTERNATIONAL, NY US","2019-11-09","9.40","0.0","38","21"
"USW00014768","ROCHESTER GREATER INTERNATIONAL, NY US","2019-11-10","9.62","0.0","45","34"
"USW00014768","ROCHESTER GREATER INTERNATIONAL, NY US","2019-11-11","12.53","8.2","37","26"
"USW00014768","ROCHESTER GREATER INTERNATIONAL, NY US","2019-11-12","11.41","5.8","26","16"
"USW00014768","ROCHESTER GREATER INTERNATIONAL, NY US","2019-11-13","6.26","2.7","23","12"
"USW00014768","ROCHESTER GREATER INTERNATIONAL, NY US","2019-11-14","6.71","0.5","36","23"
"USW00014768","ROCHESTER GREATER INTERNATIONAL, NY US","2019-11-15","11.86","0.0","36","29"
"USW00014768","ROCHESTER GREATER INTERNATIONAL, NY US","2019-11-16","10.51","0.0","29","21"
"USW00014768","ROCHESTER GREATER INTERNATIONAL, NY US","2019-11-17","8.50","0.0","40","15"
"USW00014768","ROCHESTER GREATER INTERNATIONAL, NY US","2019-11-18","6.26","0.0","40","30"
"USW00014768","ROCHESTER GREATER INTERNATIONAL, NY US","2019-11-19","2.91","0.0","39","35"
"USW00014768","ROCHESTER GREATER INTERNATIONAL, NY US","2019-11-20","5.14","0.0","41","33"
"USW00014768","ROCHESTER GREATER INTERNATIONAL, NY US","2019-11-21","8.05","0.0","50","28"
"USW00014768","ROCHESTER GREATER INTERNATIONAL, NY US","2019-11-22","14.99","0.0","52","30"
"USW00014768","ROCHESTER GREATER INTERNATIONAL, NY US","2019-11-23","5.82","0.0","42","25"
"USW00014768","ROCHESTER GREATER INTERNATIONAL, NY US","2019-11-24","10.51","0.0","44","33"
"USW00014768","ROCHESTER GREATER INTERNATIONAL, NY US","2019-11-25","3.80","0.0","51","35"
"USW00014768","ROCHESTER GREATER INTERNATIONAL, NY US","2019-11-26","9.17","0.0","56","37"
"USW00014768","ROCHESTER GREATER INTERNATIONAL, NY US","2019-11-27","15.43","0.0","61","38"
"USW00014768","ROCHESTER GREATER INTERNATIONAL, NY US","2019-11-28","13.65","0.0","41","30"
"USW00014768","ROCHESTER GREATER INTERNATIONAL, NY US","2019-11-29","5.14","0.0","30","28"
"USW00014768","ROCHESTER GREATER INTERNATIONAL, NY US","2019-11-30","6.49","0.0","30","22"
"USW00014768","ROCHESTER GREATER INTERNATIONAL, NY US","2019-12-01","12.30","1.5","33","21"
"USW00014768","ROCHESTER GREATER INTERNATIONAL, NY US","2019-12-02","10.74","3.9","33","27"
"USW00014768","ROCHESTER GREATER INTERNATIONAL, NY US","2019-12-03","6.71","0.6","33","12"
"USW00014768","ROCHESTER GREATER INTERNATIONAL, NY US","2019-12-04","7.61","0.3","34","32"
"USW00014768","ROCHESTER GREATER INTERNATIONAL, NY US","2019-12-05","10.96","1.5","34","27"
"USW00014768","ROCHESTER GREATER INTERNATIONAL, NY US","2019-12-06","6.71","2.7","33","23"
"USW00014768","ROCHESTER GREATER INTERNATIONAL, NY US","2019-12-07","5.59","0.0","30","13"
"USW00014768","ROCHESTER GREATER INTERNATIONAL, NY US","2019-12-08","10.29","0.0","42","13"
"USW00014768","ROCHESTER GREATER INTERNATIONAL, NY US","2019-12-09","11.41","0.0","50","40"
"USW00014768","ROCHESTER GREATER INTERNATIONAL, NY US","2019-12-10","13.42","1.5","51","25"
"USW00014768","ROCHESTER GREATER INTERNATIONAL, NY US","2019-12-11","12.08","1.4","29","18"
"USW00014768","ROCHESTER GREATER INTERNATIONAL, NY US","2019-12-12","8.05","0.0","33","13"
"USW00014768","ROCHESTER GREATER INTERNATIONAL, NY US","2019-12-13","9.17","0.0","43","31"
"USW00014768","ROCHESTER GREATER INTERNATIONAL, NY US","2019-12-14","9.62","1.1","41","33"
"USW00014768","ROCHESTER GREATER INTERNATIONAL, NY US","2019-12-15","15.88","0.0","36","22"
"USW00014768","ROCHESTER GREATER INTERNATIONAL, NY US","2019-12-16","4.70","0.0","35","22"
"USW00014768","ROCHESTER GREATER INTERNATIONAL, NY US","2019-12-17","7.16","1.9","32","28"
"USW00014768","ROCHESTER GREATER INTERNATIONAL, NY US","2019-12-18","14.32","3.5","28","12"
"USW00014768","ROCHESTER GREATER INTERNATIONAL, NY US","2019-12-19","7.61","1.0","20","6"
"USW00014768","ROCHESTER GREATER INTERNATIONAL, NY US","2019-12-20","2.46","1.0","25","15"
"USW00014768","ROCHESTER GREATER INTERNATIONAL, NY US","2019-12-21","5.82","0.0","34","12"
"USW00014768","ROCHESTER GREATER INTERNATIONAL, NY US","2019-12-22","10.51","0.0","47","28"
"USW00014768","ROCHESTER GREATER INTERNATIONAL, NY US","2019-12-23","11.63","0.0","54","34"
"USW00014768","ROCHESTER GREATER INTERNATIONAL, NY US","2019-12-24","8.28","0.0","39","28"
"USW00014768","ROCHESTER GREATER INTERNATIONAL, NY US","2019-12-25","4.25","0.0","48","24"
"USW00014768","ROCHESTER GREATER INTERNATIONAL, NY US","2019-12-26","2.46","0.0","50","28"
"USW00014768","ROCHESTER GREATER INTERNATIONAL, NY US","2019-12-27","11.41","0.0","54","40"
"USW00014768","ROCHESTER GREATER INTERNATIONAL, NY US","2019-12-28","7.83","0.0","42","30"
"USW00014768","ROCHESTER GREATER INTERNATIONAL, NY US","2019-12-29","7.83","0.0","41","30"
"USW00014768","ROCHESTER GREATER INTERNATIONAL, NY US","2019-12-30","9.84","0.0","52","37"
"USW00014768","ROCHESTER GREATER INTERNATIONAL, NY US","2019-12-31","10.51","0.5","39","31"
